초등,초등영어 Part01,https://raw.githubusercontent.com/JongHyunParkDev/voka-turtle-data/refs/heads/main/elementary/day01.csv
초등,초등영어 Part02,https://raw.githubusercontent.com/JongHyunParkDev/voka-turtle-data/refs/heads/main/elementary/day02.csv
초등,초등영어 Part03,https://raw.githubusercontent.com/JongHyunParkDev/voka-turtle-data/refs/heads/main/elementary/day03.csv
초등,초등영어 Part04,https://raw.githubusercontent.com/JongHyunParkDev/voka-turtle-data/refs/heads/main/elementary/day04.csv
초등,초등영어 Part05,https://raw.githubusercontent.com/JongHyunParkDev/voka-turtle-data/refs/heads/main/elementary/day05.csv
초등,초등영어 Part06,https://raw.githubusercontent.com/JongHyunParkDev/voka-turtle-data/refs/heads/main/elementary/day06.csv
초등,초등영어 Part07,https://raw.githubusercontent.com/JongHyunParkDev/voka-turtle-data/refs/heads/main/elementary/day07.csv
초등,초등영어 Part08,https://raw.githubusercontent.com/JongHyunParkDev/voka-turtle-data/refs/heads/main/elementary/day08.csv
초등,초등영어 Part09,https://raw.githubusercontent.com/JongHyunParkDev/voka-turtle-data/refs/heads/main/elementary/day09.csv
초등,초등영어 Part10,https://raw.githubusercontent.com/JongHyunParkDev/voka-turtle-data/refs/heads/main/elementary/day10.csv
초등,초등영어 Part11,https://raw.githubusercontent.com/JongHyunParkDev/voka-turtle-data/refs/heads/main/elementary/day11.csv
초등,초등영어 Part12,https://raw.githubusercontent.com/JongHyunParkDev/voka-turtle-data/refs/heads/main/elementary/day12.csv
초등,초등영어 Part13,https://raw.githubusercontent.com/JongHyunParkDev/voka-turtle-data/refs/heads/main/elementary/day13.csv
초등,초등영어 Part14,https://raw.githubusercontent.com/JongHyunParkDev/voka-turtle-data/refs/heads/main/elementary/day14.csv
초등,초등영어 Part15,https://raw.githubusercontent.com/JongHyunParkDev/voka-turtle-data/refs/heads/main/elementary/day15.csv
초등,초등영어 Part16,https://raw.githubusercontent.com/JongHyunParkDev/voka-turtle-data/refs/heads/main/elementary/day16.csv
초등,초등영어 Part17,https://raw.githubusercontent.com/JongHyunParkDev/voka-turtle-data/refs/heads/main/elementary/day17.csv
초등,초등영어 Part18,https://raw.githubusercontent.com/JongHyunParkDev/voka-turtle-data/refs/heads/main/elementary/day18.csv
초등,초등영어 Part19,https://raw.githubusercontent.com/JongHyunParkDev/voka-turtle-data/refs/heads/main/elementary/day19.csv
초등,초등영어 Part20,https://raw.githubusercontent.com/JongHyunParkDev/voka-turtle-data/refs/heads/main/elementary/day20.csv
초등,초등영어 Part21,https://raw.githubusercontent.com/JongHyunParkDev/voka-turtle-data/refs/heads/main/elementary/day21.csv
초등,초등영어 Part22,https://raw.githubusercontent.com/JongHyunParkDev/voka-turtle-data/refs/heads/main/elementary/day22.csv
초등,초등영어 Part23,https://raw.githubusercontent.com/JongHyunParkDev/voka-turtle-data/refs/heads/main/elementary/day23.csv
초등,초등영어 Part24,https://raw.githubusercontent.com/JongHyunParkDev/voka-turtle-data/refs/heads/main/elementary/day24.csv
초등,초등영어 Part25,https://raw.githubusercontent.com/JongHyunParkDev/voka-turtle-data/refs/heads/main/elementary/day25.csv
중등,중등영어 Part01,https://raw.githubusercontent.com/JongHyunParkDev/voka-turtle-data/refs/heads/main/middle/day01.csv
중등,중등영어 Part02,https://raw.githubusercontent.com/JongHyunParkDev/voka-turtle-data/refs/heads/main/middle/day02.csv
중등,중등영어 Part03,https://raw.githubusercontent.com/JongHyunParkDev/voka-turtle-data/refs/heads/main/middle/day03.csv
중등,중등영어 Part04,https://raw.githubusercontent.com/JongHyunParkDev/voka-turtle-data/refs/heads/main/middle/day04.csv
중등,중등영어 Part05,https://raw.githubusercontent.com/JongHyunParkDev/voka-turtle-data/refs/heads/main/middle/day05.csv
중등,중등영어 Part06,https://raw.githubusercontent.com/JongHyunParkDev/voka-turtle-data/refs/heads/main/middle/day06.csv
중등,중등영어 Part07,https://raw.githubusercontent.com/JongHyunParkDev/voka-turtle-data/refs/heads/main/middle/day07.csv
중등,중등영어 Part08,https://raw.githubusercontent.com/JongHyunParkDev/voka-turtle-data/refs/heads/main/middle/day08.csv
중등,중등영어 Part09,https://raw.githubusercontent.com/JongHyunParkDev/voka-turtle-data/refs/heads/main/middle/day09.csv
중등,중등영어 Part10,https://raw.githubusercontent.com/JongHyunParkDev/voka-turtle-data/refs/heads/main/middle/day10.csv
중등,중등영어 Part11,https://raw.githubusercontent.com/JongHyunParkDev/voka-turtle-data/refs/heads/main/middle/day11.csv
중등,중등영어 Part12,https://raw.githubusercontent.com/JongHyunParkDev/voka-turtle-data/refs/heads/main/middle/day12.csv
중등,중등영어 Part13,https://raw.githubusercontent.com/JongHyunParkDev/voka-turtle-data/refs/heads/main/middle/day13.csv
중등,중등영어 Part14,https://raw.githubusercontent.com/JongHyunParkDev/voka-turtle-data/refs/heads/main/middle/day14.csv
중등,중등영어 Part15,https://raw.githubusercontent.com/JongHyunParkDev/voka-turtle-data/refs/heads/main/middle/day15.csv
중등,중등영어 Part16,https://raw.githubusercontent.com/JongHyunParkDev/voka-turtle-data/refs/heads/main/middle/day16.csv
중등,중등영어 Part17,https://raw.githubusercontent.com/JongHyunParkDev/voka-turtle-data/refs/heads/main/middle/day17.csv
중등,중등영어 Part18,https://raw.githubusercontent.com/JongHyunParkDev/voka-turtle-data/refs/heads/main/middle/day18.csv
중등,중등영어 Part19,https://raw.githubusercontent.com/JongHyunParkDev/voka-turtle-data/refs/heads/main/middle/day19.csv
중등,중등영어 Part20,https://raw.githubusercontent.com/JongHyunParkDev/voka-turtle-data/refs/heads/main/middle/day20.csv
중등,중등영어 Part21,https://raw.githubusercontent.com/JongHyunParkDev/voka-turtle-data/refs/heads/main/middle/day21.csv
중등,중등영어 Part22,https://raw.githubusercontent.com/JongHyunParkDev/voka-turtle-data/refs/heads/main/middle/day22.csv
중등,중등영어 Part23,https://raw.githubusercontent.com/JongHyunParkDev/voka-turtle-data/refs/heads/main/middle/day23.csv
중등,중등영어 Part24,https://raw.githubusercontent.com/JongHyunParkDev/voka-turtle-data/refs/heads/main/middle/day24.csv
중등,중등영어 Part25,https://raw.githubusercontent.com/JongHyunParkDev/voka-turtle-data/refs/heads/main/middle/day25.csv
중등,중등영어 Part26,https://raw.githubusercontent.com/JongHyunParkDev/voka-turtle-data/refs/heads/main/middle/day26.csv
중등,중등영어 Part27,https://raw.githubusercontent.com/JongHyunParkDev/voka-turtle-data/refs/heads/main/middle/day27.csv
중등,중등영어 Part28,https://raw.githubusercontent.com/JongHyunParkDev/voka-turtle-data/refs/heads/main/middle/day28.csv
중등,중등영어 Part29,https://raw.githubusercontent.com/JongHyunParkDev/voka-turtle-data/refs/heads/main/middle/day29.csv
중등,중등영어 Part30,https://raw.githubusercontent.com/JongHyunParkDev/voka-turtle-data/refs/heads/main/middle/day30.csv
중등,중등영어 Part31,https://raw.githubusercontent.com/JongHyunParkDev/voka-turtle-data/refs/heads/main/middle/day31.csv
중등,중등영어 Part32,https://raw.githubusercontent.com/JongHyunParkDev/voka-turtle-data/refs/heads/main/middle/day32.csv
중등,중등영어 Part33,https://raw.githubusercontent.com/JongHyunParkDev/voka-turtle-data/refs/heads/main/middle/day33.csv
중등,중등영어 Part34,https://raw.githubusercontent.com/JongHyunParkDev/voka-turtle-data/refs/heads/main/middle/day34.csv
중등,중등영어 Part35,https://raw.githubusercontent.com/JongHyunParkDev/voka-turtle-data/refs/heads/main/middle/day35.csv
중등,중등영어 Part36,https://raw.githubusercontent.com/JongHyunParkDev/voka-turtle-data/refs/heads/main/middle/day36.csv
중등,중등영어 Part37,https://raw.githubusercontent.com/JongHyunParkDev/voka-turtle-data/refs/heads/main/middle/day37.csv
중등,중등영어 Part38,https://raw.githubusercontent.com/JongHyunParkDev/voka-turtle-data/refs/heads/main/middle/day38.csv
중등,중등영어 Part39,https://raw.githubusercontent.com/JongHyunParkDev/voka-turtle-data/refs/heads/main/middle/day39.csv
중등,중등영어 Part40,https://raw.githubusercontent.com/JongHyunParkDev/voka-turtle-data/refs/heads/main/middle/day40.csv
중등,중등영어 Part41,https://raw.githubusercontent.com/JongHyunParkDev/voka-turtle-data/refs/heads/main/middle/day41.csv
중등,중등영어 Part42,https://raw.githubusercontent.com/JongHyunParkDev/voka-turtle-data/refs/heads/main/middle/day42.csv
중등,중등영어 Part43,https://raw.githubusercontent.com/JongHyunParkDev/voka-turtle-data/refs/heads/main/middle/day43.csv
중등,중등영어 Part44,https://raw.githubusercontent.com/JongHyunParkDev/voka-turtle-data/refs/heads/main/middle/day44.csv
중등,중등영어 Part45,https://raw.githubusercontent.com/JongHyunParkDev/voka-turtle-data/refs/heads/main/middle/day45.csv
중등,중등영어 Part46,https://raw.githubusercontent.com/JongHyunParkDev/voka-turtle-data/refs/heads/main/middle/day46.csv
중등,중등영어 Part47,https://raw.githubusercontent.com/JongHyunParkDev/voka-turtle-data/refs/heads/main/middle/day47.csv
중등,중등영어 Part48,https://raw.githubusercontent.com/JongHyunParkDev/voka-turtle-data/refs/heads/main/middle/day48.csv
중등,중등영어 Part49,https://raw.githubusercontent.com/JongHyunParkDev/voka-turtle-data/refs/heads/main/middle/day49.csv
중등,중등영어 Part50,https://raw.githubusercontent.com/JongHyunParkDev/voka-turtle-data/refs/heads/main/middle/day50.csv
중등,중등영어 Part51,https://raw.githubusercontent.com/JongHyunParkDev/voka-turtle-data/refs/heads/main/middle/day51.csv
중등,중등영어 Part52,https://raw.githubusercontent.com/JongHyunParkDev/voka-turtle-data/refs/heads/main/middle/day52.csv
중등,중등영어 Part53,https://raw.githubusercontent.com/JongHyunParkDev/voka-turtle-data/refs/heads/main/middle/day53.csv
중등,중등영어 Part54,https://raw.githubusercontent.com/JongHyunParkDev/voka-turtle-data/refs/heads/main/middle/day54.csv
중등,중등영어 Part55,https://raw.githubusercontent.com/JongHyunParkDev/voka-turtle-data/refs/heads/main/middle/day55.csv
교육부지정,중고등영어 Part01,https://raw.githubusercontent.com/JongHyunParkDev/voka-turtle-data/refs/heads/main/education/day01.csv
교육부지정,중고등영어 Part02,https://raw.githubusercontent.com/JongHyunParkDev/voka-turtle-data/refs/heads/main/education/day02.csv
교육부지정,중고등영어 Part03,https://raw.githubusercontent.com/JongHyunParkDev/voka-turtle-data/refs/heads/main/education/day03.csv
교육부지정,중고등영어 Part04,https://raw.githubusercontent.com/JongHyunParkDev/voka-turtle-data/refs/heads/main/education/day04.csv
교육부지정,중고등영어 Part05,https://raw.githubusercontent.com/JongHyunParkDev/voka-turtle-data/refs/heads/main/education/day05.csv
교육부지정,중고등영어 Part06,https://raw.githubusercontent.com/JongHyunParkDev/voka-turtle-data/refs/heads/main/education/day06.csv
교육부지정,중고등영어 Part07,https://raw.githubusercontent.com/JongHyunParkDev/voka-turtle-data/refs/heads/main/education/day07.csv
교육부지정,중고등영어 Part08,https://raw.githubusercontent.com/JongHyunParkDev/voka-turtle-data/refs/heads/main/education/day08.csv
교육부지정,중고등영어 Part09,https://raw.githubusercontent.com/JongHyunParkDev/voka-turtle-data/refs/heads/main/education/day09.csv
교육부지정,중고등영어 Part10,https://raw.githubusercontent.com/JongHyunParkDev/voka-turtle-data/refs/heads/main/education/day10.csv
교육부지정,중고등영어 Part11,https://raw.githubusercontent.com/JongHyunParkDev/voka-turtle-data/refs/heads/main/education/day11.csv
교육부지정,중고등영어 Part12,https://raw.githubusercontent.com/JongHyunParkDev/voka-turtle-data/refs/heads/main/education/day12.csv
교육부지정,중고등영어 Part13,https://raw.githubusercontent.com/JongHyunParkDev/voka-turtle-data/refs/heads/main/education/day13.csv
교육부지정,중고등영어 Part14,https://raw.githubusercontent.com/JongHyunParkDev/voka-turtle-data/refs/heads/main/education/day14.csv
교육부지정,중고등영어 Part15,https://raw.githubusercontent.com/JongHyunParkDev/voka-turtle-data/refs/heads/main/education/day15.csv
교육부지정,중고등영어 Part16,https://raw.githubusercontent.com/JongHyunParkDev/voka-turtle-data/refs/heads/main/education/day16.csv
교육부지정,중고등영어 Part17,https://raw.githubusercontent.com/JongHyunParkDev/voka-turtle-data/refs/heads/main/education/day17.csv
교육부지정,중고등영어 Part18,https://raw.githubusercontent.com/JongHyunParkDev/voka-turtle-data/refs/heads/main/education/day18.csv
교육부지정,중고등영어 Part19,https://raw.githubusercontent.com/JongHyunParkDev/voka-turtle-data/refs/heads/main/education/day19.csv
교육부지정,중고등영어 Part20,https://raw.githubusercontent.com/JongHyunParkDev/voka-turtle-data/refs/heads/main/education/day20.csv
교육부지정,중고등영어 Part21,https://raw.githubusercontent.com/JongHyunParkDev/voka-turtle-data/refs/heads/main/education/day21.csv
교육부지정,중고등영어 Part22,https://raw.githubusercontent.com/JongHyunParkDev/voka-turtle-data/refs/heads/main/education/day22.csv
교육부지정,중고등영어 Part23,https://raw.githubusercontent.com/JongHyunParkDev/voka-turtle-data/refs/heads/main/education/day23.csv
교육부지정,중고등영어 Part24,https://raw.githubusercontent.com/JongHyunParkDev/voka-turtle-data/refs/heads/main/education/day24.csv
교육부지정,중고등영어 Part25,https://raw.githubusercontent.com/JongHyunParkDev/voka-turtle-data/refs/heads/main/education/day25.csv
교육부지정,중고등영어 Part26,https://raw.githubusercontent.com/JongHyunParkDev/voka-turtle-data/refs/heads/main/education/day26.csv
교육부지정,중고등영어 Part27,https://raw.githubusercontent.com/JongHyunParkDev/voka-turtle-data/refs/heads/main/education/day27.csv
교육부지정,중고등영어 Part28,https://raw.githubusercontent.com/JongHyunParkDev/voka-turtle-data/refs/heads/main/education/day28.csv
교육부지정,중고등영어 Part29,https://raw.githubusercontent.com/JongHyunParkDev/voka-turtle-data/refs/heads/main/education/day29.csv
교육부지정,중고등영어 Part30,https://raw.githubusercontent.com/JongHyunParkDev/voka-turtle-data/refs/heads/main/education/day30.csv
교육부지정,중고등영어 Part31,https://raw.githubusercontent.com/JongHyunParkDev/voka-turtle-data/refs/heads/main/education/day31.csv
교육부지정,중고등영어 Part32,https://raw.githubusercontent.com/JongHyunParkDev/voka-turtle-data/refs/heads/main/education/day32.csv
교육부지정,중고등영어 Part33,https://raw.githubusercontent.com/JongHyunParkDev/voka-turtle-data/refs/heads/main/education/day33.csv
교육부지정,중고등영어 Part34,https://raw.githubusercontent.com/JongHyunParkDev/voka-turtle-data/refs/heads/main/education/day34.csv
교육부지정,중고등영어 Part35,https://raw.githubusercontent.com/JongHyunParkDev/voka-turtle-data/refs/heads/main/education/day35.csv
교육부지정,중고등영어 Part36,https://raw.githubusercontent.com/JongHyunParkDev/voka-turtle-data/refs/heads/main/education/day36.csv
교육부지정,중고등영어 Part37,https://raw.githubusercontent.com/JongHyunParkDev/voka-turtle-data/refs/heads/main/education/day37.csv
교육부지정,중고등영어 Part38,https://raw.githubusercontent.com/JongHyunParkDev/voka-turtle-data/refs/heads/main/education/day38.csv
교육부지정,중고등영어 Part39,https://raw.githubusercontent.com/JongHyunParkDev/voka-turtle-data/refs/heads/main/education/day39.csv
교육부지정,중고등영어 Part40,https://raw.githubusercontent.com/JongHyunParkDev/voka-turtle-data/refs/heads/main/education/day40.csv
교육부지정,중고등영어 Part41,https://raw.githubusercontent.com/JongHyunParkDev/voka-turtle-data/refs/heads/main/education/day41.csv
교육부지정,중고등영어 Part42,https://raw.githubusercontent.com/JongHyunParkDev/voka-turtle-data/refs/heads/main/education/day42.csv
교육부지정,중고등영어 Part43,https://raw.githubusercontent.com/JongHyunParkDev/voka-turtle-data/refs/heads/main/education/day43.csv
교육부지정,중고등영어 Part44,https://raw.githubusercontent.com/JongHyunParkDev/voka-turtle-data/refs/heads/main/education/day44.csv
교육부지정,중고등영어 Part45,https://raw.githubusercontent.com/JongHyunParkDev/voka-turtle-data/refs/heads/main/education/day45.csv
교육부지정,중고등영어 Part46,https://raw.githubusercontent.com/JongHyunParkDev/voka-turtle-data/refs/heads/main/education/day46.csv
교육부지정,중고등영어 Part47,https://raw.githubusercontent.com/JongHyunParkDev/voka-turtle-data/refs/heads/main/education/day47.csv
교육부지정,중고등영어 Part48,https://raw.githubusercontent.com/JongHyunParkDev/voka-turtle-data/refs/heads/main/education/day48.csv
교육부지정,중고등영어 Part49,https://raw.githubusercontent.com/JongHyunParkDev/voka-turtle-data/refs/heads/main/education/day49.csv
교육부지정,중고등영어 Part50,https://raw.githubusercontent.com/JongHyunParkDev/voka-turtle-data/refs/heads/main/education/day50.csv
교육부지정,중고등영어 Part51,https://raw.githubusercontent.com/JongHyunParkDev/voka-turtle-data/refs/heads/main/education/day51.csv
교육부지정,중고등영어 Part52,https://raw.githubusercontent.com/JongHyunParkDev/voka-turtle-data/refs/heads/main/education/day52.csv
교육부지정,중고등영어 Part53,https://raw.githubusercontent.com/JongHyunParkDev/voka-turtle-data/refs/heads/main/education/day53.csv
교육부지정,중고등영어 Part54,https://raw.githubusercontent.com/JongHyunParkDev/voka-turtle-data/refs/heads/main/education/day54.csv
교육부지정,중고등영어 Part55,https://raw.githubusercontent.com/JongHyunParkDev/voka-turtle-data/refs/heads/main/education/day55.csv
교육부지정,중고등영어 Part56,https://raw.githubusercontent.com/JongHyunParkDev/voka-turtle-data/refs/heads/main/education/day56.csv
교육부지정,중고등영어 Part57,https://raw.githubusercontent.com/JongHyunParkDev/voka-turtle-data/refs/heads/main/education/day57.csv
교육부지정,중고등영어 Part58,https://raw.githubusercontent.com/JongHyunParkDev/voka-turtle-data/refs/heads/main/education/day58.csv
교육부지정,중고등영어 Part59,https://raw.githubusercontent.com/JongHyunParkDev/voka-turtle-data/refs/heads/main/education/day59.csv
교육부지정,중고등영어 Part60,https://raw.githubusercontent.com/JongHyunParkDev/voka-turtle-data/refs/heads/main/education/day60.csv
교육부지정,중고등영어 Part61,https://raw.githubusercontent.com/JongHyunParkDev/voka-turtle-data/refs/heads/main/education/day61.csv
교육부지정,중고등영어 Part62,https://raw.githubusercontent.com/JongHyunParkDev/voka-turtle-data/refs/heads/main/education/day62.csv
교육부지정,중고등영어 Part63,https://raw.githubusercontent.com/JongHyunParkDev/voka-turtle-data/refs/heads/main/education/day63.csv
교육부지정,중고등영어 Part64,https://raw.githubusercontent.com/JongHyunParkDev/voka-turtle-data/refs/heads/main/education/day64.csv
교육부지정,중고등영어 Part65,https://raw.githubusercontent.com/JongHyunParkDev/voka-turtle-data/refs/heads/main/education/day65.csv
교육부지정,중고등영어 Part66,https://raw.githubusercontent.com/JongHyunParkDev/voka-turtle-data/refs/heads/main/education/day66.csv
교육부지정,중고등영어 Part67,https://raw.githubusercontent.com/JongHyunParkDev/voka-turtle-data/refs/heads/main/education/day67.csv
교육부지정,중고등영어 Part68,https://raw.githubusercontent.com/JongHyunParkDev/voka-turtle-data/refs/heads/main/education/day68.csv
교육부지정,중고등영어 Part69,https://raw.githubusercontent.com/JongHyunParkDev/voka-turtle-data/refs/heads/main/education/day69.csv
교육부지정,중고등영어 Part70,https://raw.githubusercontent.com/JongHyunParkDev/voka-turtle-data/refs/heads/main/education/day70.csv
교육부지정,중고등영어 Part71,https://raw.githubusercontent.com/JongHyunParkDev/voka-turtle-data/refs/heads/main/education/day71.csv
교육부지정,중고등영어 Part72,https://raw.githubusercontent.com/JongHyunParkDev/voka-turtle-data/refs/heads/main/education/day72.csv
교육부지정,중고등영어 Part73,https://raw.githubusercontent.com/JongHyunParkDev/voka-turtle-data/refs/heads/main/education/day73.csv
교육부지정,중고등영어 Part74,https://raw.githubusercontent.com/JongHyunParkDev/voka-turtle-data/refs/heads/main/education/day74.csv
교육부지정,중고등영어 Part75,https://raw.githubusercontent.com/JongHyunParkDev/voka-turtle-data/refs/heads/main/education/day75.csv