a,하나|한 개|어떤
abandon,포기하다|버리다|유기하다
able,할 수 있는|능력이 있는|유능한
aboard,배에|비행기에|기차에
abort,중단하다|낙태하다|유산하다
abound,풍부하다|많다|가득하다
about,대략|에 관하여|주변에
above,위에|이상|초과하여
abroad,해외에|외국에|넓게
absent,부재의|결석한|없는
absolute,절대적인|완전한|무조건적인
absorb,흡수하다|몰입시키다|포함하다
abstract,추상적인|요약|추출하다
absurd,터무니없는|우스꽝스러운|말이 안 되는
abuse,남용하다|학대하다|욕설
academy,학원|아카데미|학회
accelerate,가속하다|촉진하다|빨라지다
accent,억양|강조|사투리
accept,받아들이다|승인하다|인정하다
access,접근|접근권|도달
accident,사고|우연|실수
accommodate,수용하다|숙박시키다|적응시키다
accompany,동반하다|따르다|반주하다
accomplish,성취하다|완수하다|달성하다
accord,일치|협정|화음
account,계정|계좌|설명
accumulate,축적하다|모으다|쌓이다
accurate,정확한|정밀한|정확무오한
accuse,고발하다|비난하다|혐의를 제기하다
ache,아프다|고통|그리워하다
achieve,달성하다|성취하다|이루다
acid,산|신맛|신랄한
acknowledge,인정하다|감사하다|알아보다
acquire,획득하다|얻다|습득하다
acquisition,획득|인수|취득
across,가로질러|건너편에|전체에
act,행동하다|연기하다|법령
adapt,적응하다|각색하다|조정하다
add,더하다|추가하다|합산하다
addict,중독자|열광자|몰두하다
address,주소|연설하다|처리하다
adequate,적절한|충분한|만족스러운
adjust,조정하다|적응하다|맞추다
administer,관리하다|집행하다|투여하다
admire,존경하다|감탄하다|칭찬하다
admit,인정하다|입학시키다|허용하다
adolescent,청소년|사춘기의|미성숙한
adopt,입양하다|채택하다|따르다
adult,성인|어른|성숙한
advance,진보|전진하다|선불
advantage,장점|이익|유리함
adventure,모험|모험담|대담한 일
adverse,불리한|반대의|해로운
advertize,광고하다|알리다|선전하다
advice,조언|충고|권고
advise,조언하다|알리다|권고하다
advocate,옹호자|변호사|지지하다
aesthetic,미학적|예술적|아름다운
affair,일|사건|연애
affect,영향을 주다|감동시키다|가장하다
afford,여유가 있다|감당하다|제공하다
afraid,두려워하는|걱정하는|무서워하는
after,이후에|뒤에|따라서
afternoon,오후|낮|점심 후
again,다시|또|재차
against,반대하여|대항하여|기대어
age,나이|시대|노화하다
agency,기관|대행사|대리점
agenda,의제|일정|계획
agent,대리인|요원|제제
aggress,공격하다|침략하다|적대하다
ago,전에|이전에|과거에
agree,동의하다|합의하다|일치하다
agriculture,농업|농사|농학
ahead,앞에|진행하여|미리
aid,도움|원조|보조
aim,목표|조준하다|의도하다
air,공기|하늘|방송하다
airline,항공사|항공로|항공편
airplane,비행기|항공기|플레인
airport,공항|비행장|항공터미널
alarm,경보|경고|불안
album,앨범|사진첩|음반
alcohol,알코올|술|에탄올
alert,경계|경고|민첩한
alien,외국인|외계인|낯선
alike,비슷한|같은|유사한
alive,살아있는|생생한|활동적인
all,모든|전체|완전히
allocate,할당하다|배정하다|분배하다
allow,허용하다|가능하게 하다|인정하다
ally,동맹국|동료|연합하다
almost,거의|대부분|다
alone,혼자|홀로|단독으로
along,따라서|함께|계속해서
alongside,나란히|옆에
aloud,소리내어|큰소리로|공개적으로
already,이미|벌써
alright,괜찮은|좋은|그래
also,또한|역시|마찬가지로
alter,변경하다|바꾸다|수정하다
alternate,교대의|대안의|번갈아
although,비록|~임에도 불구하고|~하지만
altogether,전체적으로|완전히|모두 합쳐서
always,항상|언제나|계속
amaze,놀라게 하다|경탄시키다|당황하게 하다
ambassador,대사|사절|대표
ambition,야망|포부|원대한 계획
ambulance,구급차|응급차|앰뷸런스
among,~중에|~사이에|~가운데
amount,양|금액|총계
amuse,재미있게 하다|즐겁게 하다|웃기다
analysis,분석|해석|검토
analyze,분석하다|해석하다|검토하다
anchor,닻|앵커|고정시키다
ancient,고대의|오래된|고풍의
and,그리고|~와|~과
angel,천사|천사같은 사람|보호자
anger,화|분노|격분
angle,각도|모서리|관점
animal,동물|야생의|짐승
anniversary,기념일|주년|기념
announce,발표하다|알리다|공표하다
annoy,짜증나게 하다|괴롭히다|방해하다
annual,연간의|일년생의|연례의
another,또 다른|다른|추가의
answer,답변|대답하다|해결하다
ant,개미|작은 것|근면한 사람
anticipate,예상하다|기대하다|미리 생각하다
anxiety,불안|걱정|열망
anxious,불안한|걱정하는|열망하는
any,어떤|아무|조금이라도
apart,떨어져|분리되어|별개로
apartment,아파트|공동주택
apology,사과|변명|변론
apparent,명백한|보이는|외관상의
appeal,호소|항소|매력
appear,나타나다|보이다|출연하다
apple,사과|사과나무|사과색
apply,적용하다|지원하다|바르다
appoint,임명하다|약속하다|지정하다
appreciate,감사하다|감상하다|인정하다
approach,접근하다|방법|접근로
appropriate,적절한|적당한|따로 떼어낸
approve,승인하다|찬성하다|인정하다
approximate,대략적인|근사한|비슷한
architect,건축가|설계자|창조자
area,지역|면적|분야
argue,논쟁하다|주장하다|말다툼하다
arise,일어나다|생기다|기원하다
arm,팔|무기|지부
army,군대|대군|조직
around,주변에|대략|돌아서
arrange,정리하다|배치하다|준비하다
arrest,체포하다|멈추다|관심을 끌다
arrive,도착하다|이르다|성공하다
arrow,화살|화살표|방향
art,예술|기술|교묘함
article,기사|물건|조항
artifice,기교|교묘함|속임수
as,~로서|~때문에|~만큼
aside,옆으로|제쳐두고|별도로
ask,묻다|요청하다|초대하다
asleep,잠든|수면중인|마비된
aspect,측면|모습|관점
aspire,열망하다|지향하다|목표로 하다
assault,공격|폭행|습격
assemble,조립하다|모으다|집회하다
assert,주장하다|단언하다|확실히 하다
assess,평가하다|산정하다|과세하다
asset,자산|재산|장점
assign,할당하다|지정하다|과제를 주다
assist,도와주다|보조하다|참석하다
associate,연관시키다|동료|부회장
assume,가정하다|맡다|차지하다
assure,확신시키다|보장하다|안심시키다
astonish,놀라게 하다|경탄시키다|당황하게 하다
at,~에|~에서|~때
athlete,운동선수|육상선수|체육인
atmosphere,대기|분위기|환경
atom,원자|미소한 것|극소량
attach,붙이다|첨부하다|애착을 갖다
attack,공격하다|습격하다|비난하다
attempt,시도하다|노력하다|시도
attend,참석하다|돌보다|주의하다
attention,주의|관심|배려
attitude,태도|자세|관점
attract,끌다|유치하다|매력적이다
attribute,속성|특성|~때문이라고 하다
auction,경매|옥션|경매하다
audience,청중|관객|독자
aunt,이모|고모|아줌마
authentic,진짜의|진정한|신뢰할 수 있는
author,작가|저자|창시자
automatic,자동의|무의식적인|기계적인
autumn,가을|추수기|성숙기
avail,이용하다|도움이 되다|효과
average,평균|보통의|중간의
avoid,피하다|회피하다|방지하다
await,기다리다|대기하다|예정되어 있다
awake,깨어있는|깨우다|깨닫다
award,상|시상하다|부여하다
aware,알고 있는|인식하고 있는|의식하고 있는
away,떨어져|멀리|사라져서
awe,경외|두려움|경탄
awkward,어색한|서툰|불편한
baby,아기|유아|어린 것
back,뒤|등|돌아가다
background,배경|경력|출신
bacon,베이컨|돼지고기|훈제고기
bad,나쁜|못한|해로운
badminton,배드민턴|셔틀콕
bag,가방|주머니|잡다
bake,굽다|구워지다|데우다
balance,균형|잔고|균형을 맞추다
ball,공|볼|무도회
balloon,풍선|기구|부풀다
ban,금지|금지하다|추방하다
banana,바나나|바나나나무|바나나색
band,밴드|띠|그룹
bang,쾅|강타|폭발음
bank,은행|둑|기울다
bankrupt,파산한|파산시키다|파산자
bar,막대|바|금지하다
bare,벌거벗은|노출된|가진 것이 없는
bargain,거래|흥정|특가품
bark,짖다|나무껍질|배
barrier,장벽|방해물|경계
base,기초|기지|바닥
baseball,야구|야구공
basis,기초|근거|기본
basket,바구니|골대|바스켓
basketball,농구|농구공
bat,방망이|박쥐|때리다
bath,목욕|욕조|목욕하다
battery,배터리|포대|폭행
battle,전투|싸움|투쟁하다
bay,만|베이|짖다
be,~이다|존재하다|~에 있다
beach,해변|바닷가|해안
beam,빔|대들보|미소
bean,콩|강낭콩|작은 것
bear,곰|참다|낳다
beard,수염|턱수염|턱
beast,짐승|야수|비인간적인 사람
beat,때리다|이기다|박자
beauty,아름다움|미인|장점
because,~때문에|~이므로|~하기에
become,~이 되다|어울리다|변하다
bed,침대|침상|화단
bee,벌|꿀벌|일벌
beef,소고기|쇠고기|불평
beer,맥주|비어
before,~전에|~앞에|이전에
beg,구걸하다|간청하다|용서를 빌다
begin,시작하다|시작되다|처음
behalf,대신|이익|위해
behave,행동하다|예의바르게 행동하다|작동하다
behind,뒤에|~뒤에|늦어서
belief,믿음|신념|종교
believe,믿다|생각하다|신뢰하다
bell,종|벨|종소리
belong,속하다|소유하다|어울리다
below,아래에|~아래|이하
belt,벨트|띠|지대
bench,벤치|판사석
bend,구부리다|굽히다|구부러지다
beneath,~아래에|~밑에|~보다 못한
benefit,이익|혜택|도움이 되다
beside,~옆에|~곁에|~와 비교하여
bet,내기하다|확신하다|베팅
betray,배신하다|속이다|드러내다
between,~사이에|~중에|~가운데
beyond,~넘어서|~이상|~외에
bias,편견|성향|기울다
big,큰|중요한|성숙한
bike,자전거|바이크|오토바이
bill,계산서|지폐|법안
billion,십억|억만|엄청난 수
bin,통|상자|쓰레기통
bind,묶다|결속시키다|제본하다
biography,전기|인물사|자서전
biology,생물학|생명과학|생물
bird,새|조류|사람
birth,출생|탄생|기원
biscuit,비스킷|쿠키|빵
bit,조금|비트|물어뜯다
bite,물다|씹다|물린 자국
bitter,쓴|격한|신랄한
black,검은|흑인|어두운
blame,비난하다|책임을 지우다|탓하다
blank,빈|공백|멍한
blanket,담요|이불|포괄적인
blast,폭발|강풍|비난하다
blend,섞다|혼합|조화
bless,축복하다|은혜를 베풀다|행운을 빌다
blind,눈먼|맹목적인|블라인드
blink,깜빡이다|반짝이다|무시하다
block,막다|블록|구역
blonde,금발의|금발 여성|금발
blood,피|혈액|혈통
bloom,꽃이 피다|개화|번영하다
blossom,꽃|개화|번영하다
blow,불다|타격|폭발
blue,파란|우울한|푸른
board,판|이사회|탑승하다
boat,배|보트|배를 타다
body,몸|시체|단체
boil,끓이다|삶다|분노하다
bold,대담한|굵은|뻔뻔한
bomb,폭탄|폭파하다|실패하다
bond,유대|채권|결합하다
bone,뼈|해골|뼈를 제거하다
book,책|예약하다|기록하다
boom,폭발음|호황|갑자기 커지다
boost,부양시키다|촉진하다|도움
boot,부츠|신발|부팅
border,경계|테두리|인접하다
bore,지루하게 하다|구멍을 뚫다|지루한 사람
borrow,빌리다|차용하다|가져오다
boss,상사|보스|지배하다
both,둘 다|양쪽|~와 ~모두
bother,괴롭히다|걱정하다|신경쓰다
bottle,병|유리병|병에 담다
bottom,바닥|하단|기초
bounce,튀다|반동|기운찬
boundary,경계|한계|구분선
bow,절하다|활|뱃머리
bowl,그릇|사발|볼링
box,상자|박스|권투하다
boy,소년|아들|남자
brain,뇌|지능|두뇌
brake,브레이크|제동하다|멈추다
branch,가지|지점|분과
brand,상표|브랜드|낙인
brave,용감한|대담한|용감하게 맞서다
bread,빵|식량|생계
break,부수다|휴식|깨뜨리다
breakfast,아침식사|조식|아침을 먹다
breast,가슴|유방
breath,숨|호흡|바람
breathe,숨쉬다|호흡하다|생기
breed,번식하다|기르다|품종
breeze,산들바람|미풍|쉽게 해내다
brick,벽돌|벽돌로 만들다
bridge,다리|교량|다리를 놓다
brief,간단한|요약|브리핑하다
bright,밝은|똑똑한|명랑한
brilliant,훌륭한|빛나는|똑똑한
bring,가져오다|데려오다|초래하다
broad,넓은|광범위한|대체적인
broadcast,방송하다|전파하다|방송
brother,형제|동료|수도사
brown,갈색의|갈색|갈색으로 만들다
brush,솔|붓|솔질하다
brute,야수|짐승같은|무식한
bubble,거품|버블|거품이 일다
budget,예산|예산을 세우다|저렴한
bug,벌레|버그|귀찮게 하다
build,건설하다|구축하다|체격
bulk,대량|부피|대부분
bull,황소|수소|강세장
bully,깡패|괴롭히다|협박하다
bump,충돌|혹|부딪치다
bunch,무리|다발|그룹
bundle,다발|꾸러미|묶다
burden,부담|짐|부담을 주다
burn,타다|화상|연소하다
burst,터지다|폭발|갑작스러운
bury,묻다|매장하다|숨기다
bus,버스|대중교통|버스로 이동하다
bush,덤불|관목|시골
business,사업|일|상점
busy,바쁜|사용중인|번잡한
but,하지만|~외에|단지
butcher,정육점|도살업자|학살하다
butter,버터|버터를 바르다|아첨하다
button,단추|버튼|단추를 채우다
buy,사다|구입하다|매수하다
buzz,윙윙거리다|소문|흥분
by,~에 의해|~옆에|~까지
cable,케이블|전보
cage,새장|감옥|가두다
cake,케이크|과자|덩어리
calculate,계산하다|산정하다|예상하다
calendar,달력|일정|력
call,부르다|전화하다|호출
calm,고요한|차분한|진정시키다
camera,카메라|촬영기|감옥
camp,캠프|야영지|진영
campaign,캠페인|선거운동|작전
can,할 수 있다|캔|통
cancel,취소하다|상쇄하다|무효화하다
cancer,암|악성종양|해로운 것
candidate,후보자|지원자|후보
candy,사탕|캔디|설탕절임
canvas,캔버스|천|유화
cap,모자|뚜껑|한도
capable,능력이 있는|할 수 있는|유능한
cape,곶|케이프|망토
capital,수도|자본|대문자
captain,선장|대장|주장
capture,포획하다|점령하다|사로잡다
car,자동차|차|열차
card,카드|명함|카드놀이
care,돌보다|관심|걱정
career,경력|직업|진로
carpet,카펫|양탄자|덮다
carrot,당근|유인책
carry,나르다|지니다|전달하다
cart,수레|카트|수레에 싣다
carve,새기다|조각하다|자르다
case,경우|케이스|상자
cash,현금|현금으로 바꾸다
cast,던지다|배우진|주조하다
castle,성|성 같은 집
cat,고양이|야옹이|고양이과 동물
catalogue,목록|카탈로그|목록을 만들다
catch,잡다|따라잡다|이해하다
category,범주|분류|부류
cater,음식을 제공하다|만족시키다|대응하다
cattle,소|가축|소떼
cause,원인|~을 일으키다|목적
caution,주의|경고|신중함
cave,동굴|굴|무너지다
cease,중단하다|그만두다|끝나다
ceiling,천장|한도|상한
celebrate,축하하다|기념하다|찬양하다
celebrity,유명인|명성|유명한 사람
cell,세포|감옥|전지
censor,검열관|검열하다|비판하다
center,중심|센터|집중시키다
century,세기|100년|백년
certain,확실한|어떤|특정한
certificate,증명서|자격증|증명하다
chain,사슬|연쇄|체인
chair,의자|의장|의장직
chairman,의장|회장|주석
challenge,도전|도전하다|이의를 제기하다
chamber,방|회의실|총알
champion,챔피언|옹호자|우승자
chance,기회|가능성|우연
change,변화|바꾸다|거스름돈
channel,채널|수로|경로
chaos,혼란|무질서|카오스
character,성격|인물|문자
characteristic,특징|특성|특유의
charge,요금|책임|충전하다
charity,자선|자선단체|관용
charm,매력|부적|매혹하다
chart,차트|도표|차트를 만들다
chase,쫓다|추격|추적
chat,대화하다|수다|잡담
cheap,싼|값싼|품질이 나쁜
check,확인하다|체크|수표
cheek,뺨|뻔뻔함|건방진
cheer,응원하다|환호|기쁨
cheese,치즈|치즈를 만들다
chef,요리사|셰프|주방장
chemical,화학의|화학물질|화학제품
chest,가슴|상자|금고
chew,씹다|꼭꼭 씹다|생각하다
chicken,닭|치킨|겁쟁이
chief,우두머리|주요한|최고의
child,아이|자식|어린이
chill,추위|냉각시키다|오한
chin,턱|턱을 받치다
chip,칩|조각|깨뜨리다
chocolate,초콜릿|초콜릿색
choice,선택|선택권|선택된
choir,합창단|성가대|합창
choose,선택하다|고르다|결정하다
chop,자르다|도마질하다|도끼질
chorus,합창|후렴|일제히 말하다
chronic,만성의|지속적인|심각한
church,교회|성당|종교
cigarette,담배|시가렛
cinema,영화관|영화|시네마
circle,원|동그라미|순환하다
circulate,순환하다|유통시키다|돌다
circumstance,상황|환경|조건
cite,인용하다|언급하다|소환하다
citizen,시민|국민
city,도시|시|도시의
civil,시민의|민사|예의바른
claim,주장하다|요구하다|청구
clap,박수치다|치다|박수
clash,충돌하다|부딪치다|대립
class,수업|계급|등급
clause,조항|절|문장
clay,점토|진흙|흙
clean,깨끗한|청소하다|깨끗이
clear,명확한|깨끗한|명백한
clerk,사무원|점원|서기
clever,똑똑한|영리한|교묘한
click,클릭하다|딸깍소리|이해하다
client,고객|의뢰인|클라이언트
cliff,절벽|벼랑|낭떠러지
climate,기후|풍토|분위기
climb,오르다|등반하다|상승하다
cling,달라붙다|고수하다|집착하다
clinic,진료소|클리닉|병원
clip,클립|자르다|꽂다
clock,시계|시간|측정하다
close,가까운|닫다|끝내다
clothes,옷|의류|복장
cloud,구름|클라우드|흐리게 하다
club,클럽|곤봉|클럽에 가입하다
clue,단서|실마리|힌트
cluster,무리|클러스터|집단
coach,코치|버스|지도하다
coal,석탄|숯|석탄을 공급하다
coast,해안|연안|해안을 따라 가다
coat,코트|외투|덮다
code,코드|부호|암호
coffee,커피|커피색
coin,동전|화폐|새로 만들다
coincide,일치하다|동시에 일어나다|겹치다
cold,추운|감기|차가운
collaborate,협력하다|공동작업하다|협조하다
collapse,무너지다|붕괴|실신하다
collar,칼라|목걸이|잡다
colleague,동료|직장동료|동업자
collect,모으다|수집하다|징수하다
college,대학|칼리지|학원
colony,식민지|집단|군체
color,색깔|색칠하다|색상
column,기둥|칼럼|열
combat,전투|싸우다|투쟁
combine,결합하다|합치다|연합하다
come,오다|도착하다|나타나다
comedy,코미디|희극|유쾌한 일
comfort,위로|편안함|위로하다
comic,만화|코믹한|희극적인
command,명령|지휘하다|명령하다
comment,댓글|논평|의견
commerce,상업|무역|거래
commit,저지르다|약속하다|위임하다
committee,위원회|위원
commodity,상품|원자재|필수품
common,일반적인|공통의|흔한
communicate,소통하다|전달하다|의사소통
communist,공산주의자|공산주의의|공산당원
community,공동체|지역사회|커뮤니티
companion,동반자|친구|책
company,회사|동료|손님
compare,비교하다|대조하다|비유하다
compatible,호환되는|양립할 수 있는|적합한
compel,강요하다|억지로 시키다|강제하다
compensate,보상하다|보충하다|상쇄하다
compete,경쟁하다|경기하다|대항하다
compile,편집하다|컴파일하다|수집하다
complain,불평하다|항의하다|신고하다
complement,보완하다|보충|상호보완
complete,완전한|완성하다|완료하다
complex,복잡한|복합체|콤플렉스
complicate,복잡하게 하다|어렵게 만들다|복잡해지다
component,구성요소|부품|성분
compose,작곡하다|구성하다|작문하다
compound,화합물|복합의|합성하다
comprehend,이해하다|포함하다|포괄하다
comprise,포함하다|구성하다|이루다
compromise,타협하다|절충안|위험에 빠뜨리다
compute,계산하다|컴퓨팅하다|산정하다
conceal,숨기다|은폐하다|감추다
conceive,임신하다|상상하다|생각하다
concentrate,집중하다|농축하다|집중시키다
concept,개념|관념|아이디어
concern,걱정|관심사|우려
concert,콘서트|음악회|협력
conclude,결론내리다|끝내다|체결하다
concrete,구체적인|콘크리트|실제의
condemn,비난하다|유죄판결하다|저주하다
condition,조건|상태|환경
conduct,행동하다|지휘하다|수행하다
confer,상의하다|수여하다|회의하다
confess,고백하다|인정하다|신앙고백하다
confide,신뢰하다|고백하다|위임하다
confine,제한하다|가두다|한정하다
confirm,확인하다|승인하다|확증하다
conflict,갈등|충돌|전쟁
conform,따르다|순응하다|일치하다
confront,직면하다|대결하다|마주하다
confuse,혼란스럽게 하다|혼동하다|당황하게 하다
congratulate,축하하다|기뻐하다
congress,의회|국회|대회
connect,연결하다|접속하다|관련시키다
conscience,양심|도덕심
conscious,의식적인|깨어있는|의식하고 있는
consent,동의하다|승낙|동의
conserve,보존하다|절약하다|보호하다
consider,고려하다|생각하다|간주하다
consist,구성되다|일치하다|~로 이루어지다
constant,지속적인|상수|일정한
constitute,구성하다|제정하다|~이 되다
constrain,제한하다|강요하다|억제하다
construct,건설하다|구축하다|구성하다
consult,상담하다|참고하다|의논하다
consume,소비하다|소모하다|먹다
contact,연락하다|접촉|연락
contain,포함하다|담다|억제하다
contemporary,현대의|동시대의|현대인
contend,주장하다|경쟁하다|싸우다
content,내용|만족한|만족시키다
contest,경쟁|대회|이의를 제기하다
context,맥락|문맥|상황
continent,대륙|자제력 있는|대륙의
continue,계속하다|지속하다|이어가다
contract,계약|수축하다|계약서
contradict,모순되다|반박하다|부정하다
contrary,반대의|정반대|반대로
contrast,대조|대비|대조하다
contribute,기여하다|기부하다|공헌하다
control,통제하다|조절하다|지배
controversy,논쟁|논란|분쟁
convene,소집하다|회의하다|모이다
converse,대화하다|반대의|역
convert,변환하다|개종시키다|바꾸다
convey,전달하다|운반하다|의미하다
convict,유죄판결하다|죄수|확신시키다
convince,설득하다|확신시키다|납득시키다
cook,요리하다|요리사|요리
cookie,쿠키|과자
cool,시원한|차가운|멋진
cooperate,협력하다|협조하다|공동작업하다
coordinate,조정하다|좌표|조화시키다
cop,경찰|잡다|받다
cope,대처하다|처리하다|덮개
copy,복사하다|사본|모방하다
copyright,저작권|저작권을 가진
cord,끈|코드|줄
core,핵심|과일의 심|중심
corn,옥수수|곡물|굳은살
corner,모서리|구석|코너
corporate,기업의|법인의|단체의
correct,올바른|수정하다|정확한
correspond,일치하다|통신하다|대응하다
corridor,복도|통로|지역
corrupt,부패한|타락시키다|손상시키다
cost,비용|값|들다
costume,의상|복장|코스튬
cottage,시골집|별장|오두막
cotton,면|목화|면직물
cough,기침|기침하다
could,할 수 있었다|~할 수도 있다|~할 수 있을 것이다
council,의회|위원회|협의회
counsel,조언|변호사|상담하다
count,세다|계산하다|중요하다
counterpart,상대방|대응물|상대
country,나라|시골|국가
countryside,시골|농촌|지방
county,군|카운티|지역
couple,부부|몇 개|연결하다
coupon,쿠폰|할인권|권표
courage,용기|담력|용감함
course,과정|코스|진행
court,법정|코트|궁정
cousin,사촌|친척|동류
cover,덮다|표지|포함하다
cow,소|암소|위협하다
crack,균열|깨뜨리다|최고의
craft,공예|기술|교묘함
crash,충돌하다|붕괴하다|추락
crawl,기어가다|크롤링|천천히 움직이다
crayon,크레용|크레파스|크레용으로 그리다
craze,열풍|광기|열광
cream,크림|크림색|최고의
create,창조하다|만들다|생성하다
credible,믿을 만한|신뢰할 수 있는|그럴듯한
credit,신용|크레딧|공로
creep,기어가다|살금살금 가다|소름끼치다
crew,승무원|팀|일꾼
crime,범죄|죄|악행
crisis,위기|위험|전환점
crisp,바삭한|선명한|상쾌한
criterion,기준|판단기준|표준
critic,비평가|비판자|비판적인
crop,작물|수확|자르다
cross,십자가|건너가다|화나다
crowd,군중|사람들|가득 채우다
crown,왕관|관|정상
crucial,중요한|결정적인|핵심적인
cruel,잔인한|가혹한|심한
cruise,크루즈|순항하다|여행
crush,부수다|눌러뜨리다|호감
cry,울다|외치다|눈물
crystal,수정|결정|투명한
cultivate,재배하다|기르다|개발하다
culture,문화|교양|배양
cup,컵|잔|컵에 담다
cure,치료하다|해결책|치료
curious,호기심 많은|이상한|궁금한
curl,곱슬|말다|구부러지다
currency,통화|화폐|유통
current,현재의|전류|흐름
curriculum,교육과정|커리큘럼|교과과정
curry,카레|카레를 만들다
curse,저주|욕설|저주하다
curtain,커튼|막|가리다
curve,곡선|굽이|구부러지다
custody,양육권|감금|보호
custom,관습|맞춤|세관
customer,고객|손님|구매자
cut,자르다|절단|감소
cute,귀여운|예쁜|똑똑한
cycle,순환|자전거|주기
cynical,냉소적인|비관적인|의심하는
dairy,유제품|낙농업|우유의
damage,손상|피해|손해
damp,축축한|습기|기운을 꺾다
dance,춤|춤추다|댄스
danger,위험|위험한
dare,감히|도전하다|대담하다
dark,어두운|검은|어둠
darling,사랑하는|달링|귀여운
dash,돌진하다|대시|소량
database,데이터베이스|자료|데이터
date,날짜|데이트|대추야자
datum,데이터|자료|기준점
daughter,딸|자식|여자
dawn,새벽|여명|시작
day,날|하루|낮
dead,죽은|무생물의|완전히
deal,거래|처리하다|많은
death,죽음|사망|종료
debate,토론|논쟁|토론하다
debt,빚|부채|의무
decade,10년|십년|십년간
decay,썩다|부패|쇠퇴
decent,점잖은|적당한|괜찮은
decide,결정하다|결심하다|판결하다
deck,갑판|데크|장식하다
declare,선언하다|신고하다|표명하다
decline,거절하다|쇠퇴|기울어지다
decorate,장식하다|꾸미다|훈장을 주다
decrease,감소하다|줄이다|감소
dedicate,헌신하다|바치다|봉납하다
deep,깊은|깊이|진한
defeat,패배시키다|이기다|실패
defend,방어하다|변호하다|보호하다
defense,방어|수비|변론
deficiency,부족|결핍|결함
deficit,적자|부족|결손
define,정의하다|명확히 하다|규정하다
definite,명확한|확실한|정해진
degree,정도|학위|도
delay,지연|늦추다|연기하다
delegate,대표|위임하다|대표단
delete,삭제하다|지우다|제거하다
deliberate,의도적인|신중한|심의하다
delicate,섬세한|연약한|정교한
delicious,맛있는|훌륭한|즐거운
delight,기쁨|즐겁게 하다|환희
deliver,배달하다|전달하다|해산시키다
demand,요구하다|수요|요구
democracy,민주주의|민주정치|민주국가
democrat,민주주의자|민주당원
demon,악마|귀신|악한 사람
demonstrate,시위하다|증명하다|보여주다
dense,밀집한|진한|어리석은
dentist,치과의사|치과
deny,부인하다|거부하다|거절하다
depart,출발하다|떠나다|사망하다
depend,의존하다|따르다|믿다
depict,그리다|묘사하다|표현하다
deposit,예금|보증금|침전물
depress,우울하게 하다|억압하다|가라앉히다
deprive,빼앗다|박탈하다|제거하다
derive,얻다|유래하다|파생시키다
descend,내려가다|하강하다|유래하다
describe,묘사하다|설명하다|그리다
desert,사막|버리다|탈영하다
deserve,받을 만하다|가치가 있다|당연하다
design,디자인|설계하다|의도
designate,지정하다|임명하다|표시하다
desire,욕망|원하다|바라다
desk,책상|데스크|사무실
despair,절망|포기하다
desperate,절망적인|필사적인|심각한
despite,~에도 불구하고|~임에도
destine,운명지어지다|정해지다|지정되다
destiny,운명|숙명|미래
destroy,파괴하다|멸망시키다|완전히 망가뜨리다
destruct,파괴하다|파멸시키다
detach,분리하다|떼어내다|독립시키다
detail,세부사항|상세히|자세히
detect,발견하다|탐지하다|감지하다
determine,결정하다|확인하다|결심하다
develop,발전시키다|개발하다|현상하다
device,장치|기기|방법
devil,악마|도깨비|나쁜 사람
devise,고안하다|발명하다|유언하다
devote,헌신하다|바치다|전념하다
diabetes,당뇨병|당뇨
dialogue,대화|대화체
diary,일기|다이어리|일기장
dictate,받아쓰기|지시하다|명령하다
dictionary,사전|딕셔너리
die,죽다|소멸하다|사라지다
diet,식단|다이어트|의회
differ,다르다|의견이 다르다|차이를 보이다
difficult,어려운|곤란한|까다로운
dig,파다|캐다|찾다
dignity,존엄|위엄|품위
dimension,차원|크기|측면
diminish,줄어들다|감소시키다|축소하다
dine,식사하다|저녁을 먹다|대접하다
dinner,저녁식사|디너|만찬
dip,담그다|기울이다|하락하다
diplomat,외교관|외교
direct,직접적인|지시하다|연출하다
dirt,흙|더러움|먼지
disappoint,실망시키다|좌절시키다|기대를 저버리다
disaster,재해|재난|실패
disc,디스크|원반
discipline,훈련|규율|징계하다
discourse,담론|강연|대화
discriminate,차별하다|구별하다|식별하다
discuss,토론하다|논의하다|상의하다
disgust,혐오|역겨움|싫어하다
dish,접시|요리|그릇
dismiss,해고하다|무시하다|해산시키다
display,전시하다|표시하다|화면
dispute,논쟁|분쟁|의문을 제기하다
disrupt,방해하다|중단시키다|파괴하다
distance,거리|간격|멀리하다
distinct,뚜렷한|구별되는|명확한
distinguish,구별하다|식별하다|차별하다
distort,왜곡하다|비틀다|곡해하다
distract,산만하게 하다|주의를 돌리다|혼란시키다
distribute,분배하다|배포하다|유통시키다
district,지구|구역|지역
disturb,방해하다|교란시키다|불안하게 하다
dive,다이빙하다|잠수하다|급락하다
diverse,다양한|다른|다양성
divide,나누다|분할하다|분리하다
divine,신의|신성한|예언하다
divorce,이혼|분리하다|이혼하다
do,하다|수행하다|충분하다
doctor,의사|박사|수정하다
document,문서|기록하다|증명서
dog,개|괴롭히다
doll,인형|예쁘게 꾸미다
dolphin,돌고래
domain,영역|도메인|소유지
domestic,국내의|가정의|사육되는
dominate,지배하다|우세하다|압도하다
donate,기부하다|기증하다
door,문|출입구
dose,용량|복용량|투여하다
dot,점|점을 찍다
double,두 배의|이중의|두 배로 하다
doubt,의심|의심하다|불확실함
doughnut,도넛
down,아래로|내려가다|우울한
dozen,다스|12개|많은
draft,초안|초안을 작성하다
drag,끌다|질질 끌다|지연시키다
drain,배수하다|고갈시키다|배수구
drama,드라마|연극|극적인 일
draw,그리다|끌어당기다|비기다
dread,두려워하다|공포|무서워하다
dream,꿈|꿈꾸다|이상
dress,옷|입히다|드레스
drill,드릴|훈련|연습하다
drink,마시다|음료|술
drive,운전하다|몰아가다|추진력
drop,떨어뜨리다|하락하다|방울
drown,익사하다|물에 잠기다|압도하다
drug,약물|마약|약을 먹이다
drum,드럼|북|드럼을 치다
dry,마른|건조한|말리다
dual,이중의|두 개의|쌍의
duck,오리|피하다
due,예정된|만기가 된|당연한
dull,둔한|지루한|흐린
dump,버리다|던지다|폐기장
during,~동안|~하는 동안
dust,먼지|먼지를 털다
duty,의무|세금|근무
dwell,거주하다|생각하다|머물다
dynamic,역동적인|동적인|활발한
each,각각의|각자|매
eager,열망하는|간절한|열심인
ear,귀|이삭|청각
early,이른|초기의|일찍
earn,벌다|얻다|받을 만하다
earth,지구|땅|흙
ease,쉬움|편안함|완화하다
east,동쪽|동부|동쪽으로
eat,먹다|식사하다|부식시키다
economy,경제|절약|경제학
edge,가장자리|날|우위
edit,편집하다|수정하다
educate,교육하다|가르치다|양성하다
effect,효과|영향|실행하다
efficient,효율적인|능률적인|유능한
effort,노력|시도|성과
egg,달걀|알|계란
eight,여덟|8
either,어느 쪽이든|~도
elaborate,정교한|자세히 설명하다|복잡한
elect,선출하다|선택하다|전기
electric,전기의|전기
electronic,전자의|전자
elegant,우아한|세련된|고상한
element,요소|원소|기본
elephant,코끼리
elevate,올리다|승진시키다|고양시키다
eleven,열하나|11
eliminate,제거하다|없애다|탈락시키다
elite,엘리트|상류층|정예
else,다른|그렇지 않으면|추가로
embarrass,당황하게 하다|부끄럽게 하다|곤란하게 하다
embassy,대사관|사절
embrace,포옹하다|받아들이다|포함하다
emerge,나타나다|출현하다|밝혀지다
emergency,비상사태|응급|긴급
emit,방출하다|내뿜다|발산하다
emotion,감정|감동|감정적
emphasis,강조|중점|강세
emphasize,강조하다|중점을 두다
empire,제국
employ,고용하다|사용하다|취업시키다
empty,비어있는|빈|비우다
encounter,만나다|마주치다|충돌
end,끝|종료하다|목적
endure,견디다|지속하다|참다
enemy,적|원수|적대자
energy,에너지|활력|정력
engage,약혼하다|종사하다|참여하다
engine,엔진|기관|기계
engineer,기술자|엔지니어|설계하다
enhance,향상시키다|증진하다|개선하다
enormous,거대한|엄청난|방대한
enough,충분한|충분히
enter,들어가다|입학하다|기록하다
enterprise,기업|사업|기업가정신
entertain,즐겁게 하다|접대하다|오락
enthusiastic,열정적인|열심인|열광적인
entire,전체의|완전한|모든
entry,진입|기록|참가
envelope,봉투|포장|외피
environ,환경|주변|둘러싸다
envy,부러워하다|질투|부러움
equal,같은|동등한|평등한
equip,장비하다|준비시키다|갖추다
era,시대|연대|시기
erase,지우다|삭제하다|제거하다
erect,세우다|건립하다|곧은
err,실수하다|잘못하다|틀리다
escape,도망치다|피하다|탈출
especial,특별한|특수한|특히
essay,에세이|논문|시도하다
essence,본질|핵심|향료
establish,설립하다|확립하다|입증하다
estate,재산|부동산|상태
estimate,추정하다|평가하다|견적
ethic,윤리|도덕|윤리학
ethnic,민족의|인종의|민족
evacuate,대피시키다|비우다|철수하다
evaluate,평가하다|산정하다|검토하다
even,평평한|심지어|동등한
evening,저녁|오후
event,사건|행사|경기
ever,언제나|이전에|영원히
every,모든|매|각
evidence,증거|흔적|증명하다
evil,악한|사악한|나쁜
evitable,피할 수 있는|회피 가능한
evolution,진화|발전
evolve,진화하다|발전시키다|전개하다
exact,정확한|정밀한|요구하다
exaggerate,과장하다|부풀리다
examine,조사하다|검사하다|시험하다
example,예|모범|예시
exceed,초과하다|넘어서다|능가하다
excel,뛰어나다|우수하다|압도하다
except,~을 제외하고|~외에는|~이 아닌
excess,초과|과도한|여분
exchange,교환하다|환전하다|교환
excite,흥분시키다|자극하다|흥미를 끌다
exclude,제외하다|배제하다|차단하다
excuse,변명|용서하다|면제
executive,경영진|집행하는|관리직
exercise,운동|연습|실행하다
exhaust,지치게 하다|소모하다|배기
exhibit,전시하다|보여주다|전시
exist,존재하다|생존하다|실제로 있다
exit,출구|나가다|퇴장
exotic,이국적인|외래의|신기한
expand,확장하다|펼치다|늘어나다
expect,기대하다|예상하다|생각하다
expense,비용|지출|경비
experience,경험|체험|경험하다
experiment,실험|시도하다
expert,전문가|숙련된
expertise,전문성|전문지식|숙련
explain,설명하다|해명하다|이유를 말하다
explicit,명확한|노골적인|분명한
explode,폭발하다|터지다|급증하다
explore,탐험하다|조사하다|탐구하다
export,수출하다|수출|수출품
expose,노출시키다|드러내다|폭로하다
express,표현하다|빠른
extend,연장하다|확장하다|뻗다
extent,정도|범위|한도
external,외부의|외면의|외적
extinct,멸종된|사라진|소멸한
extra,추가의|여분의|특별한
extract,추출하다|발췌하다|추출물
extraordinary,비범한|특별한|놀라운
extreme,극단적인|극도의|극한
eye,눈|시선|구멍
eyebrow,눈썹|이마
fabric,직물|천|구조
face,얼굴|마주하다|표면
facilitate,촉진하다|용이하게 하다|도움을 주다
facility,시설|설비|편의
fact,사실|진실|실제
factor,요소|인수|요인
factory,공장|제조소
faculty,교수진|능력|학부
fade,사라지다|바래다|약해지다
fail,실패하다|낙제하다|부족하다
faint,기절하다|희미한|약한
fair,공정한|박람회
faith,신앙|믿음|신뢰
fall,떨어지다|가을|쓰러지다
FALSE,거짓의|가짜의|잘못된
fame,명성|유명|평판
familiar,친숙한|익숙한|친한
family,가족|가정|일가
fan,팬|부채|선풍기
fancy,화려한|상상하다|호화로운
fantastic,환상적인|훌륭한|기이한
far,먼|훨씬|멀리
fare,요금|음식|지내다
farm,농장|농사|경작하다
fascinate,매혹하다|흥미를 끌다|매혹시키다
fashion,패션|유행|방식
fast,빠른|단식하다|단단히
fasten,고정하다|매다|단단히 하다
fat,뚱뚱한|지방|기름진
fate,운명|숙명|결말
father,아버지|신부|창시자
fault,결함|잘못|단층
favor,호의|편애|지지하다
favorite,가장 좋아하는|인기 있는|선호하는
fear,두려움|걱정|무서워하다
feature,특징|기능|출연하다
federal,연방의|정부의|중앙의
fee,요금|수수료|보상
feed,먹이다|공급하다|사료
feel,느끼다|만져보다|감정
fellow,동료|친구|회원
female,여성의|암컷의|여자
fence,울타리|펜싱|매매하다
ferry,페리|나룻배|운송하다
fertile,비옥한|생산적인|임신 가능한
festival,축제|페스티벌|연례 행사
fever,열|발열|열광
few,몇 개의|적은|거의 없는
fiber,섬유|식이섬유|광섬유
fiction,소설|허구|창작물
field,들판|분야|경기장
fierce,사나운|격렬한|치열한
fight,싸움|전투|투쟁하다
figure,숫자|모습|인물
file,파일|서류|제출하다
fill,채우다|가득하다|충족시키다
film,영화|필름|막
filter,필터|여과하다|거르다
final,최종의|마지막|결승
finance,금융|재정|자금을 조달하다
find,찾다|발견하다|느끼다
fine,좋은|벌금|미세한
finger,손가락|지시하다|터치하다
finish,끝내다|완성하다|마무리
finite,유한한|제한된|한정된
fire,불|화재|해고하다
firm,단단한|회사|확고한
first,첫 번째|처음|우선
fish,물고기|낚시하다|찾다
fit,맞다|적합한|건강한
five,다섯|5
fix,고치다|고정하다|준비하다
flag,깃발|플래그|신호
flame,불꽃|화염|타오르다
flash,번쩍임|플래시|갑작스러운
flat,평평한|아파트|단조로운
flavor,맛|향미|특색
flaw,결함|흠|약점
flee,도망치다|피하다|사라지다
flesh,살|육체|과육
flexible,유연한|융통성 있는|구부러지는
flight,비행|도망|비행편
flip,뒤집다|튀기다|화나다
float,떠다니다|부유하다|유동
flock,무리|떼|모이다
flood,홍수|범람|쏟아지다
floor,바닥|층|마루
flourish,번영하다|무성하다|과시하다
flow,흐르다|유동|흐름
flower,꽃|개화하다|정수
flush,홍조|플러시|갑자기 나타나다
fly,날다|파리|비행하다
focus,초점|집중하다|중심
fog,안개|흐릿하게 하다|혼란
fold,접다|겹|배수
folk,사람들|민속의|가족
follow,따르다|따라가다|지키다
fond,좋아하는|애정이 있는|순진한
food,음식|식량|먹이
fool,바보|속이다|어리석은
foot,발|피트|기초
football,축구|미식축구|공
for,~을 위해|~동안|~에 대해서
forbid,금지하다|막다|방해하다
force,힘|강요하다|군대
forecast,예보|예측하다|전망
forehead,이마|앞부분|정면
foreign,외국의|낯선|외래의
forest,숲|삼림|대량
forever,영원히|계속|영구히
forget,잊다|무시하다|빠뜨리다
forgive,용서하다|면제하다|포기하다
fork,포크|갈래|분기점
form,형태|양식|구성하다
format,형식|포맷|체제
former,이전의|전자의|과거의
formula,공식|처방|방법
forth,앞으로|이후
fortunate,운이 좋은|다행스러운|행운의
fortune,운명|재산|행운
forward,앞으로|전진하다|진보적인
foster,양육하다|촉진하다|입양의
found,설립하다|기반을 두다|발견하다
fountain,분수|샘|원천
four,네|4
fox,여우|교활한 사람|속이다
fraction,분수|일부|소수
frame,틀|프레임|구조
framework,틀|기반|체계
frankly,솔직히|정직하게|공개적으로
free,자유로운|무료의|해방하다
freeze,얼다|동결하다|얼음
frequent,자주 있는|빈번한|자주 가다
fresh,신선한|새로운|상쾌한
friend,친구|동료|지지자
fright,공포|놀람|무서움
frog,개구리|프랑스인
from,~에서|~부터|~로부터
front,앞|전면|정면
frost,서리|동결
frown,찌푸리다|인상을 쓰다|불만
fruit,과일|열매|결과
frustrate,좌절시키다|방해하다|실망시키다
fry,튀기다|볶다|화나다
fuel,연료|촉진하다|에너지
fulfil,성취하다|이행하다|만족시키다
full,가득한|완전한|배부른
fun,재미|즐거움|장난
function,기능|작동하다|함수
fund,기금|자금|펀드
fundamental,기본적인|근본적인|핵심적인
funeral,장례식|장례|매우 심각한
fur,털|모피|가죽
furnish,가구를 비치하다|제공하다|장식하다
furniture,가구|비품|설비
furthermore,더욱이|게다가|또한
fury,분노|격노|광풍
fuse,융합하다|퓨즈|결합하다
future,미래|향후|장래의
gain,얻다|이익|증가
gallery,갤러리|회랑|미술관
gamble,도박하다|위험을 감수하다|도박
game,게임|경기|사냥감
gang,조직|무리|일당
gap,간격|차이|구멍
garage,차고|정비소|보관하다
garden,정원|원예|공원
gas,가스|연료|가솔린
gasoline,가솔린|휘발유|연료
gate,문|게이트|입구
gather,모으다|수집하다|모이다
gaze,응시하다|바라보다|시선
gear,기어|장비|준비하다
gender,성별|문법적 성|성
gene,유전자|유전인자|기원
general,일반적인|장군|총괄적인
generate,생성하다|만들다|발생시키다
generous,관대한|풍부한|너그러운
genius,천재|재능|정신
gentle,온화한|부드러운|신사적인
gentleman,신사|남자|귀족
genuine,진짜의|진정한|순수한
geography,지리학|지리|지형
geology,지질학|지질|지구과학
gesture,제스처|몸짓|표현
get,얻다|가져오다|이해하다
ghost,유령|귀신|흔적
giant,거대한|거인
gift,선물|재능|기부
giraffe,기린|목이 긴
girl,소녀|여자|딸
give,주다|제공하다|포기하다
glad,기쁜|즐거운|만족한
glance,흘끗 보다|반짝이다|시선
glare,눈부시다|노려보다|강한 빛
glass,유리|안경|유리잔
globe,지구|구체|지구본
glory,영광|명예|장엄함
glove,장갑|글러브|보호장비
glow,빛나다|홍조|온기
glue,접착제|풀|붙이다
go,가다|진행하다|작동하다
goal,목표|골|목적
goat,염소|바보
god,신|하나님
gold,금|황금|금색
golf,골프
good,좋은|선한|유능한
goodbye,안녕|작별|이별
gorgeous,화려한|아름다운|훌륭한
govern,통치하다|지배하다|규제하다
grab,잡다|잡아채다|이해하다
grace,은총|우아함|은혜
grade,등급|학년|점수
graduate,졸업하다|졸업생|학위를 받다
grain,곡물|알갱이|목재의 결
grand,웅장한|훌륭한|주요한
grandfather,할아버지|조부|선조
grant,허가하다|수여하다|보조금
grape,포도|포도주
graph,그래프|도표|차트
grasp,잡다|이해하다|파악하다
grass,풀|잔디|대마초
grateful,감사하는|고마운|은혜를 아는
grave,무덤|심각한|중대한
gray,회색|회색의|우울한
great,훌륭한|큰|위대한
greed,탐욕|욕심|지나친 욕망
green,초록색|녹색의|경험 없는
greet,인사하다|환영하다|마주하다
grief,슬픔|고통|비탄
grip,잡다|파악하다|그립
grocery,식료품|식료품점|잡화
gross,총|거친|심한
ground,땅|지면|근거
group,그룹|집단|분류하다
grow,자라다|성장하다|재배하다
guarantee,보장하다|보증|담보
guard,지키다|경비|보호하다
guardian,보호자|후견인|수호자
guess,추측하다|생각하다|추정
guest,손님|게스트|초대받은 사람
guide,안내하다|가이드|지도
guideline,지침|가이드라인|원칙
guilt,죄책감|죄|유죄
guitar,기타
gulf,만|골프|간격
gum,껌|잇몸|고무
gun,총|권총|쏘다
guy,남자|사람|친구
gymnasium,체육관|체육
habit,습관|버릇|복장
habitat,서식지|생활환경|거주지
hair,머리카락|털|모발
half,절반|하프|부분적으로
hall,홀|복도|회관
halt,멈추다|정지|중단
hamburger,햄버거|고기 패티
hammer,망치|두드리다
hand,손|전달하다|도움
handicap,장애|불리함|핸디캡
handle,다루다|손잡이|처리하다
handsome,잘생긴|훌륭한|관대한
hang,매달다|걸다|교수형
happen,일어나다|발생하다|우연히
happy,행복한|기쁜|만족한
harbor,항구|피난처|숨기다
hard,단단한|어려운|열심히
harm,해를 끼치다|손해|상처
harmony,조화|화음|일치
harsh,가혹한|거친|심한
harvest,수확|수확하다|결과
hat,모자|직책
hate,싫어하다|증오|혐오
haunt,괴롭히다|자주 가다|유령
have,가지다|있다|경험하다
hazard,위험|위험물|모험
he,그|그는|남자
head,머리|우두머리|향하다
headquarters,본부|사령부|중앙
heal,치료하다|낫다|회복하다
health,건강|보건|상태
hear,듣다|들리다|소문을 듣다
heart,심장|마음|중심
heat,열|더위|가열하다
heaven,천국|하늘|낙원
heavy,무거운|심한|진한
heel,뒤꿈치|굽|따르다
height,높이|키|고도
heir,상속인|후계자|계승자
helicopter,헬리콥터|헬기
hell,지옥|고통
hello,안녕|여보세요|인사
helmet,헬멧|투구|보호모
help,도움|돕다|방해하다
hence,따라서|여기서|앞으로
here,여기|이곳|지금
heritage,유산|전통|상속재산
hero,영웅|주인공
hesitate,망설이다|주저하다|꺼리다
hide,숨기다|숨다|가리다
hierarchy,계층|계급제|체계
high,높은|높이|상급의
highlight,강조하다|하이라이트|주요 부분
highway,고속도로|간선도로|주요 도로
hike,등산하다|하이킹|인상
hill,언덕|구릉|작은 산
hint,힌트|암시|조금
hire,고용하다|빌리다|임대
history,역사|과거|기록
hit,치다|맞다|성공하다
hobby,취미|호비
hold,잡다|개최하다|유지하다
hole,구멍|곤경
holiday,휴일|휴가|축제
holy,신성한|거룩한|종교적인
home,집|고향|본국
homework,숙제|과제|준비
honest,정직한|솔직한|공정한
honey,꿀|달콤한|사랑하는 사람
honor,명예|영광|존경하다
hook,갈고리|후크|걸다
hope,희망|바라다|기대
horizon,수평선|지평선|전망
horror,공포|무서움|혐오
horse,말|기마
hospital,병원|의원
host,주인|진행자|숙주
hostile,적대적인|적의|반대하는
hot,뜨거운|매운|인기 있는
hotel,호텔|여관
hour,시간|시
house,집|가옥|수용하다
household,가정|가족|가정의
how,어떻게|얼마나|어떤
however,하지만|그러나|어떻게든
hug,포옹하다|안아주다|껴안다
huge,거대한|엄청난|방대한
human,인간의|사람|인간
humor,유머|재미|기분
hundred,백|100|많은
hunger,배고픔|굶주림|갈망
hunt,사냥하다|찾다|추적하다
hurry,서두르다|급하다|서둘러
hurt,아프다|상처|해치다
husband,남편|배우자|관리하다
hut,오두막|막사|작은 집
hypothesis,가설|추정|가정
I,나|나는|내가
ice,얼음|아이스
idea,아이디어|생각|개념
ideal,이상적인|완벽한|이상
identical,동일한|똑같은|일치하는
identity,정체성|신원|동일성
ideology,이데올로기|사상|관념
if,만약|~라면|~인지
ignore,무시하다|간과하다|모르다
ill,아픈|나쁜|병든
illude,속이다|기만하다|환상을 주다
illustrate,설명하다|그리다|예시하다
image,이미지|상|인상
imagine,상상하다|생각하다|추정하다
imitate,모방하다|따라하다|흉내내다
immediate,즉시의|직접적인|가까운
immense,거대한|엄청난|무한한
immigrate,이민하다|이주하다|들어오다
immune,면역의|면제된|보호된
impact,충격|영향|충돌
imperial,제국의|황제의|거대한
implement,실행하다|도구|구현하다
imply,암시하다|의미하다|포함하다
import,수입하다|중요한|의미
impose,부과하다|강요하다|세우다
impress,인상깊게 하다|감동시키다|압박하다
improve,개선하다|향상시키다|나아지다
in,~안에|~에서|~로
incentive,동기|유인책|장려금
incident,사건|사고|부수적인
incline,기울다|경향|경사
include,포함하다|들어있다|함유하다
income,소득|수입|수익
incorporate,통합하다|포함하다|법인화하다
increase,증가하다|늘리다|상승
indeed,정말로|실제로|확실히
index,색인|지수|가리키다
indicate,나타내다|지시하다|암시하다
individual,개인의|개별의|개인
induce,유도하다|일으키다|설득하다
industry,산업|업계|근면
infant,유아|아기|초기의
infect,감염시키다|전염시키다|오염시키다
infer,추론하다|추정하다|암시하다
inflate,부풀리다|인플레이션|과장하다
influence,영향|영향을 주다|세력
inform,알리다|정보를 주다|신고하다
ingredient,재료|성분|요소
inhabit,거주하다|서식하다|살다
inherent,내재적인|고유한|본질적인
inhibit,억제하다|방해하다|제한하다
initial,초기의|이니셜|첫
inject,주사하다|주입하다|투입하다
injure,상처를 입히다|해치다|손상시키다
inn,여관|선술집
innocent,무죄의|순진한|해가 없는
innovate,혁신하다|새롭게 하다|개선하다
input,입력|투입|자료
inquire,문의하다|조사하다|묻다
insect,곤충|벌레|작은 것
insert,삽입하다|넣다|끼워넣다
inside,안쪽|내부|속에
insight,통찰력|이해|깨달음
insist,주장하다|고집하다|강요하다
inspect,검사하다|조사하다|점검하다
inspire,영감을 주다|격려하다|고무시키다
install,설치하다|임명하다
instance,예|사례|인스턴스
instant,즉시의|순간|인스턴트
instead,대신에|오히려|그 대신
instinct,본능|직감|타고난
institute,기관|연구소|제정하다
instruct,가르치다|지시하다|교육하다
instrument,도구|악기|문서
insult,모욕하다|욕하다|무례
insure,보험에 들다|보장하다|확실히 하다
integrate,통합하다|통합된|완전한
intellect,지성|지능|지식인
intelligent,지능적인|똑똑한|현명한
intend,의도하다|계획하다|작정하다
intense,강렬한|심한|열정적인
intent,의도|목적|의지
interest,관심|이자|이익
interfere,간섭하다|방해하다|개입하다
interior,내부|실내|국내의
intermediate,중간의|중급의|매개
internal,내부의|국내의|정신적인
internet,인터넷|네트워크|온라인
interpret,해석하다|통역하다|이해하다
interrupt,방해하다|중단시키다|가로막다
interval,간격|구간|휴식
intervene,개입하다|중재하다|간섭하다
intimate,친밀한|내밀한|은밀한
into,~안으로|~로|~에
intrigue,음모|흥미를 끌다|음모를 꾸미다
introduce,소개하다|도입하다|시작하다
invade,침입하다|침략하다|침해하다
invent,발명하다|만들어내다|창조하다
invest,투자하다|조사하다|쏟다
investigate,조사하다|수사하다|연구하다
invite,초대하다|유도하다|부르다
involve,포함하다|관련시키다|연루시키다
iron,철|다리미|강인한
irony,아이러니|반어|모순
irritate,짜증나게 하다|자극하다|화나게 하다
island,섬|아일랜드|고립된 곳
isolate,고립시키다|분리하다|격리하다
issue,문제|발행하다|이슈
it,그것|그
item,항목|아이템|품목
jacket,재킷|외투|표지
jail,감옥|수감하다|교도소
jam,잼|교통체증|막히다
jar,항아리|유리병|충격
jaw,턱|입|이야기하다
jeans,청바지|진|바지
job,일|직업|일자리
jog,조깅하다|살짝 밀다|천천히 가다
join,가입하다|참여하다|연결하다
joint,관절|공동의|이음매
joke,농담|장난|농담하다
journal,일지|학술지|신문
journey,여행|여정|여행하다
joy,기쁨|즐거움|환희
judge,판사|판단하다|심사위원
juice,주스|즙|전력
jump,뛰다|점프|급상승
junior,후배|주니어|어린
jury,배심원|심사위원|배심
just,정확히|단지|공정한
justice,정의|사법|판사
keen,예리한|열심인|날카로운
keep,유지하다|지키다|보관하다
key,열쇠|키|중요한
kick,차다|킥|제거하다
kid,아이|농담하다|어린이
kill,죽이다|제거하다|소멸시키다
kind,친절한|종류|다정한
king,왕|킹|최고의
kiss,키스하다|키스|입맞춤
kit,키트|도구|세트
kitchen,부엌|주방|요리
knee,무릎|꿇다
knife,칼|나이프|자르다
knight,기사|나이트|기사 작위를 주다
knock,두드리다|노크|충돌
knot,매듭|결절|복잡한 문제
know,알다|인식하다|경험하다
knowledge,지식|학식|인식
label,라벨|표시하다|분류하다
labor,노동|일하다|분만
laboratory,실험실|연구소|랩
lack,부족|없다|결핍
ladder,사다리|계단|단계
lady,여성|부인|귀부인
lake,호수|큰 연못
lamb,양|어린 양|순진한 사람
lamp,램프|등|조명
land,땅|착륙하다|국가
landscape,풍경|지형|조경
lane,차선|길|통로
language,언어|말|표현
lap,무릎|한 바퀴|핥다
large,큰|광범위한|대규모의
laser,레이저|광선
last,마지막|지속하다|최근의
late,늦은|후기의|고인의
latter,후자의|나중의|최근의
laugh,웃다|웃음|웃기다
launch,발사하다|시작하다|출시
laundry,세탁물|세탁소|빨래
law,법|법률|규칙
lawn,잔디|잔디밭|정원
lawyer,변호사|법률가
lay,놓다|알을 낳다|평평한
lazy,게으른|느린|나태한
lead,이끌다|납|선도하다
leaf,잎|잎사귀|페이지
league,리그|연맹|동맹
leak,새다|누출|구멍
lean,기대다|마른|기울다
leap,뛰다|도약|급증
learn,배우다|알다|학습하다
lease,임대하다|임대|계약
leather,가죽|가죽의
leave,떠나다|남기다|휴가
lecture,강의|강연|훈계
left,왼쪽|남은|떠난
leg,다리|구간
legal,법적인|합법적인|법률의
legend,전설|범례|유명인
legislate,입법하다|법을 제정하다|규정하다
legitimate,합법적인|정당한|정통의
leisure,여가|한가한|여유
lemon,레몬|레몬색
lend,빌려주다|대여하다|제공하다
lesson,수업|교훈|과
let,허락하다|~하게 하다|임대하다
letter,편지|문자|서한
level,수준|평평한|단계
liberal,자유주의의|관대한|진보적인
liberty,자유|해방|권리
library,도서관|서재|라이브러리
license,면허|허가|자유
lid,뚜껑|눈꺼풀|제한
lie,거짓말하다|눕다|위치
life,생명|인생|생활
lift,들어올리다|승강기|기분을 좋게 하다
light,빛|가벼운|밝은
like,좋아하다|~같은|마치
likewise,마찬가지로|또한|같이
limit,한계|제han하다|경계
line,선|줄|라인
linguistic,언어학의|언어의|언어학
link,연결|링크|고리
lion,사자|라이온|용감한 사람
lip,입술|가장자리
liquid,액체|유동성의
list,목록|나열하다|리스트
listen,듣다|경청하다|들어보다
literature,문학|문헌|작품
little,작은|조금|어린
live,살다|생방송|살아있는
livingroom,거실|응접실
load,짐|부하|적재하다
loan,대출|빌려주다|대여
local,지역의|현지의|국소적인
locate,위치를 찾다|배치하다|설치하다
lock,자물쇠|잠그다|고정하다
log,통나무|기록|로그
logic,논리|이치|논리학
lone,혼자|외로운|단독의
long,긴|오래|길이
look,보다|보기|외모
loose,느슨한|자유로운|풀린
lose,잃다|지다|잃어버리다
loss,손실|상실|패배
lot,많이|땅|운명
loud,큰 소리의|시끄러운|강한
love,사랑|좋아하다
low,낮은|적은|저조한
loyal,충성스러운|충실한|신뢰할 수 있는
luck,운|행운|우연
lump,덩어리|혹|전체
lunch,점심|점심식사
luxury,사치|고급품|호화로운
machine,기계|자동
mad,미친|화난|열광적인
magazine,잡지|탄창|저장고
magic,마법|마술|신비로운
magnet,자석|자력|매력적인
magnificent,장엄한|훌륭한|웅장한
mail,우편|메일|우송하다
main,주요한|메인|핵심적인
maintain,유지하다|지지하다|주장하다
major,주요한|전공|메이저
make,만들다|~하게 하다|제조하다
male,남성의|수컷의|남자
man,남자|사람|인간
manage,관리하다|경영하다|해내다
manifest,명백한|나타내다|명시하다
manipulate,조작하다|조종하다|다루다
manner,방법|태도|예의
manufacture,제조하다|생산하다|제조업
many,많은|많이|다수의
map,지도|계획하다
marathon,마라톤|장거리
margin,여백|마진|차이
marine,바다의|해양의|해병대
mark,표시|점수|기념하다
market,시장|마케팅|거래하다
marry,결혼하다|결혼시키다|결합하다
marvel,경이|놀라다|경탄하다
mask,가면|마스크|가리다
mass,질량|대량|미사
master,주인|마스터|숙달하다
match,경기|일치하다|상대
mate,동료|배우자|짝
mathematics,수학
matter,문제|물질|중요하다
mature,성숙한|익은|성인
maximum,최대|최고|극대
may,~할 수도 있다|5월|허가
maybe,아마도|어쩌면|아마
mayor,시장|마이어
meal,식사|한 끼
mean,의미하다|의도하다|못된
meanwhile,한편|그 동안|동시에
measure,측정하다|조치|방법
meat,고기|육류|핵심
mechanic,기계공|메카닉|기계적인
mechanism,메커니즘|기구|구조
medal,메달|훈장
mediate,중재하다|매개하다|중간의
medical,의학의|의료의|의료
medicine,의학|약
medieval,중세의|고풍의
medium,중간|매체|중간의
meet,만나다|모임|만족시키다
melon,멜론|참외
melt,녹다|녹이다|사라지다
member,회원|구성원|지체
memory,기억|메모리|추억
mental,정신의|마음의|정신과의
mention,언급하다|말하다
menu,메뉴|식단|목록
merchant,상인|무역상
mere,단순한|단지|순수한
merge,합병하다|합치다|융합하다
merit,장점|가치|공로
mess,혼란|지저분한|엉망
message,메시지|전언|의미
metal,금속|메탈|금속의
method,방법|수단|체계
metropolitan,대도시의|수도권의|메트로폴리탄
microphone,마이크|마이크로폰
microwave,전자레인지|마이크로웨이브
middle,중간|중앙|중간의
might,~할 수도 있다|힘|가능성
migrate,이주하다|이동하다
mild,온화한|약한|부드러운
military,군사의|군대|군인
milk,우유|젖|착유하다
mill,제분소|밀|공장
million,백만|100만|많은
mind,마음|정신|신경쓰다
mine,내 것|광산|지뢰
mineral,광물|무기질|미네랄
minimal,최소한의|미니멀|최소
minimum,최소|최저|최소한
ministry,부|성직
minor,미성년자|부차적인|작은
minute,분|작은|상세한
miracle,기적|놀라운 일
mirror,거울|반영하다
miss,놓치다|그리워하다|아가씨
missile,미사일|로켓|투사체
mission,임무|사명|선교
mix,섞다|혼합|믹스
mobile,이동하는|모바일|휴대폰
mock,모의의|조롱하다|가짜의
mode,방식|모드|유행
modify,수정하다|변경하다|조정하다
model,모델|모형|본보기
moderate,온건한|적당한|중재하다
modern,현대의|모던|최신의
modest,겸손한|적당한|수줍어하는
moist,습한|촉촉한|습기
molecule,분자|입자
moment,순간|시간|중요한
money,돈|자금|화폐
monitor,모니터|감시하다|화면
monkey,원숭이|장난꾸러기
monster,괴물|몬스터|거대한
month,달|월|한 달
monument,기념비|유적|기념물
mood,기분|분위기|어조
moon,달|문|위성
moral,도덕적인|교훈|정신적인
moreover,더욱이|게다가|또한
morning,아침|오전|새벽
mortal,죽을|치명적인|인간의
mother,어머니|모친
motion,움직임|동작|제안
motive,동기|목적
motor,모터|엔진|자동차
mount,오르다|산|장착하다
mountain,산|산맥|거대한
mouse,쥐|마우스
mouth,입|입구
move,움직이다|이사하다|감동시키다
movie,영화|무비
much,많이|많은|훨씬
mud,진흙|오점
multiple,다중의|여러|배수
murder,살인|살인하다|완전히 망가뜨리다
muscle,근육|힘|근력
museum,박물관|미술관
mushroom,버섯|급성장하다
music,음악|악보
must,~해야 한다|반드시|필수
mutual,상호의|공통의|서로의
mystery,신비|미스터리|수수께끼
myth,신화|전설|허구
nail,손톱|못|꼭 잡다
naive,순진한|천진난만한|경험이 없는
naked,벌거벗은|노출된|가공되지 않은
name,이름|명명하다
narrate,이야기하다|서술하다|내레이션하다
narrow,좁은|제한된|세밀한
nasty,못된|더러운|심각한
nation,국가|민족|국민
native,토착의|원주민|모국어
nature,자연|본성|성질
navy,해군|네이비
near,가까운|근처|거의
neat,깔끔한|정돈된|훌륭한
necessary,필요한|필수적인|불가피한
neck,목|목 부분
need,필요하다|필요|궁핍
needle,바늘|침
negate,부정하다|무효화하다|반대하다
neglect,무시하다|방치하다|소홀히 하다
negotiate,협상하다|교섭하다|해결하다
neighbor,이웃|인접한
neither,어느 쪽도 아닌|~도 ~도 아닌|그렇지도 않다
nephew,조카
nerve,신경|용기|뻔뻔함
nest,둥지|집|보금자리
net,그물|순수한|네트
network,네트워크|망|인맥
neutral,중립의|중성의|무색의
never,절대~않다|한 번도|결코
nevertheless,그럼에도 불구하고|하지만|그러나
new,새로운|신선한|최신의
news,뉴스|소식|보도
newspaper,신문
next,다음의|다음에|옆의
nice,좋은|친절한|예쁜
night,밤|야간|어둠
nightmare,악몽|지옥
nine,아홉|9
no,아니오|없는|금지
noble,고귀한|귀족|훌륭한
nod,끄덕이다|고개를 끄덕이다|동의
noise,소음|소리|소란
nominate,지명하다|후보로 내다|임명하다
none,아무도~않다|전혀|하나도
nonetheless,그럼에도 불구하고|하지만|그러나
noon,정오|한낮
nor,~도 ~않다|~도 아니고|그렇지도 않다
norm,표준|규범|일반적인
north,북쪽|북부|북쪽으로
nose,코|냄새를 맡다
not,~않다|아니|부정
note,노트|음표|주목하다
notebook,노트북|수첩|공책
nothing,아무것도~않다|없음|하찮은 것
notice,알아채다|공지|주의
novel,소설|새로운|신기한
now,지금|현재|이제
nowadays,요즘|현재|오늘날
nowhere,아무데도~않다|어디에도|아무곳도
nuclear,핵의|원자력의|핵심적인
number,숫자|번호|수
numerous,많은|다수의|수많은
nurse,간호사|돌보다|간호하다
nut,견과|너트|미친
oak,참나무|오크
obey,따르다|복종하다|지키다
object,물체|반대하다|목적
oblige,강요하다|의무를 지우다|도움을 주다
observe,관찰하다|지키다|말하다
obsess,집착하다|사로잡히다|강박관념
obtain,얻다|획득하다|달성하다
obvious,명백한|분명한|뻔한
occasion,기회|경우|행사
occupy,점유하다|차지하다|바쁘게 하다
occur,발생하다|일어나다|생각나다
ocean,바다|대양|해양
odd,이상한|홀수의|가끔
of,~의|~에서|~에 관한
off,떨어져|끄다|떠나다
offend,화나게 하다|모독하다|위반하다
offer,제공하다|제안
office,사무실|관공서|직책
officer,장교|관리자|경찰관
often,자주|흔히|가끔
oil,기름|석유|기름을 바르다
okay,괜찮은|좋은|승인
old,오래된|늙은|이전의
on,~위에|~에|~로
once,한 번|일단|옛날에
one,하나|하나의|사람
only,오직|단지|유일한
open,열다|열린|공개적인
opera,오페라|가극
operate,작동하다|수술하다|경영하다
opinion,의견|소견|판단
opportune,적절한|시기적절한|유리한
oppose,반대하다|대항하다|저항하다
opt,선택하다|선호하다|결정하다
optimist,낙관주의자|낙관론자|낙관적인
or,또는|~이거나|그렇지 않으면
oral,구두의|입의|구강의
orange,오렌지|주황색
orbit,궤도|공전하다
orchestra,오케스트라|관현악단
order,순서|명령|주문하다
ordinary,일반적인|보통의|평범한
organ,기관|오르간|장기
orient,동쪽|지향하다|적응시키다
origin,기원|출신|원인
other,다른|그 외의
otherwise,그렇지 않으면|다른 방법으로|그 외에는
ought,~해야 한다|~일 것이다|~해야 마땅하다
out,밖으로|나가서|끝난
outcome,결과|성과|산물
outline,개요|윤곽|요약하다
output,산출|출력|생산량
outrage,분노|폭행|격분
outstanding,뛰어난|미결제의|눈에 띄는
oven,오븐|화덕
over,~위에|~에 걸쳐|끝난
overall,전체적인|종합적인|전체
overcome,극복하다|이기다|압도하다
overhead,머리 위의|간접비|상공
overlap,겹치다|중복|겹치는 부분
overlook,간과하다|내려다보다|무시하다
overnight,하룻밤|밤새|갑자기
oversea,해외의|해외
overwhelm,압도하다|당황하게 하다|홍수에 잠기다
owe,빚지다|~덕분이다|의무가 있다
own,자신의|소유하다|인정하다
pace,속도|걸음|보조를 맞추다
pack,꾸리다|팩|무리
pad,패드|덧대다|쿠션
page,페이지|쪽|호출하다
pain,고통|아픔|고생
paint,그리다|페인트|화장하다
pair,한 쌍|짝|결합시키다
palace,궁전|궁|대저택
pale,창백한|연한|희미한
palm,손바닥|야자나무
pan,팬|냄비|비판하다
panel,패널|위원회|판자
panic,공황|당황|공포
pants,바지|팬츠|속옷
paper,종이|신문|논문
parade,퍼레이드|행진|과시하다
paragraph,문단|절|단락
parallel,평행의|유사한|병렬의
pardon,용서|사면|실례합니다
parent,부모|어버이
park,공원|주차하다
parliament,의회|국회
part,부분|역할|나누다
participate,참여하다|참가하다|가담하다
particle,입자|분자|조금
particular,특별한|특정한|세심한
partner,파트너|동반자|배우자
party,파티|정당|당사자
pass,지나가다|통과하다|합격하다
passage,통로|구절|여행
passenger,승객|여행자
passion,열정|정열|사랑
passport,여권|통행증
past,과거|지나간|지나서
pat,토닥이다|가볍게 치다|토닥임
patch,덧댐|패치|고치다
patent,특허|특허권|명백한
path,길|경로|진로
patient,환자|참을성 있는
pattern,패턴|양식|무늬
pause,멈추다|일시정지|휴식
pave,포장하다|닦다|준비하다
pay,지불하다|급여|가치가 있다
peace,평화|평온|조용함
peak,정상|최고점|뾰족한
pear,배|배나무
peasant,농민|시골 사람|농부
peel,껍질|벗기다
peer,동료|뚫어지게 보다|동등한 사람
pen,펜|우리
penalty,벌|처벌|페널티
pencil,연필
people,사람들|국민|민족
pepper,후추|고추
per,~당|~마다|~에 따라
perceive,인식하다|감지하다|이해하다
perfect,완벽한|완전한|완성하다
perform,공연하다|수행하다|실행하다
perhaps,아마도|어쩌면|혹시
period,기간|시대
permanent,영구적인|고정적인|지속적인
permit,허가하다|허용하다|허가증
persist,지속하다|고집하다|계속하다
person,사람|개인|인물
perspective,관점|시각|원근법
persuade,설득하다|납득시키다|확신시키다
pet,애완동물|쓰다듬다
phase,단계|국면|상태
phenomenon,현상|사건|놀라운 일
philosophy,철학|인생관
photograph,사진|사진을 찍다
phrase,구문|표현|말하다
physical,신체의|물리적인|물질적인
physics,물리학|물리
piano,피아노
pick,고르다|따다|선택하다
picnic,피크닉|소풍
picture,그림|사진|상상하다
pie,파이
piece,조각|개|작품
pig,돼지|탐욕스러운 사람
pile,더미|쌓다|무더기
pill,알약|정
pilot,조종사|파일럿|시범
pin,핀|꽂다|고정하다
pinch,꼬집다|꼬집음
pine,소나무|그리워하다
pink,분홍색|핑크|핑크색
pioneer,개척자|선구자|개척하다
pipe,파이프|관|담뱃대
pitch,던지다|음높이|피치
pity,동정|유감|가엾게 여기다
pizza,피자
place,장소|놓다|위치
plain,평원|단순한|명백한
plan,계획|계획하다|도면
plane,비행기|평면|대패
planet,행성|지구
plant,식물|심다|공장
plastic,플라스틱|가소성의|인공적인
plate,접시|판|금속판
platform,플랫폼|승강장|무대
play,놀다|연주하다|연극
please,제발|기쁘게 하다|만족시키다
plenty,풍부한|많은|충분히
plot,음모|줄거리|계획하다
plus,더하기|플러스|추가의
pocket,주머니|포켓|주머니에 넣다
poem,시
poet,시인
point,점|지적하다|요점
poison,독|독살하다|오염시키다
pole,기둥|극|폴란드인
police,경찰
policy,정책|방침
polish,닦다|폴란드의|광택
polite,예의바른|정중한|세련된
politics,정치|정치학
poll,여론조사|투표
pollute,오염시키다|더럽히다|타락시키다
pond,연못|못
pool,수영장|풀|공동으로 하다
poor,가난한|불쌍한|부족한
